sym_dis,sym_dis_id
2型糖尿病,1
二甲双胍,2
糖尿病,4
视物模糊,5
肢端麻木,6
糖尿病足,7
暗红色硬结,8
破溃结痂,9
烦渴,12
多饮,13
多尿,14
四肢肢端麻木,15
2型糖尿病并酮症酸中毒,17
肾病,20
周围神经病变,21
双眼视网膜病变,22
糖尿病周围神经病变,23
四肢麻木,24
糖尿病视网膜病变,26
2型糖尿病并周围神经病变,29
糖尿病肾病Ⅳ期,34
尿蛋白,35
双下肢浮肿,36
双足水泡,37
破溃,38
空腹血糖,41
胰岛素蓄积所致低血糖,44
肾功不全,45
饮食差,46
腹泻,47
糖尿病肾病ⅴ期,48
恶心,49
呕吐,50
肢体麻木,53
视物模糊情况,55
胃肠自主神经病变,56
长期腹泻,57
膀胱自主神经病变,58
大小便失禁,59
2型糖尿病并酮症,64
下肢感染溃疡,66
深部组织的破坏,67
合并神经病变,68
下肢感染溃疡形成,69
末梢血管病变,70
2-型糖尿病,73
糖尿病（分型待定）并酮症,75
多食,76
视网膜病变,83
消瘦,84
成人迟发性自身免疫性糖尿病并周围神经病变,85
体重下降,86
肢端麻木情况,87
四肢末端麻木感,90
无力,92
尿量增多,93
糖尿病（分型待定）,95
糖尿病肾病,97
血糖高,103
糖尿病酮症酸中毒,112
双眼糖尿病性视网膜病变,113
双眼视物模糊,114
尿量与饮水量相当,115
偶感全身乏力,116
血糖增高,117
血脂异常症,120
胃肠神经病变,121
糖尿病酮症,122
口渴,124
双下肢麻木,125
双小腿隐痛,126
左侧糖尿病足并感染,127
左小腿肿胀,128
左足趾间溃烂,129
流脓,130
恶臭,131
左眼缺血性视神经病变,134
高血糖高渗综合征,135
血脂,139
急性肾功能不全,144
酮症酸中毒,149
肺部感染加重,150
呼吸困难,151
ARDS,152
急性左心衰,153
前列腺增大,155
活动性出血,157
结石活动,159
肾绞痛,160
血尿,161
结石梗阻,162
输尿管积水扩张,163
肾功能不全,164
前列腺增生症,166
咳嗽,168
全身乏力,169
右侧肢体无力,170
跌倒一次,171
功能失调性子宫出血,172
阴道流血,173
子宫内膜单纯性增生,175
喘息,179
心衰,182
胰腺炎,184
低血糖,185
昏迷,186
低蛋白血症,187
子宫肌瘤,189
浮肿,190
慢性肾衰竭,192
感染,193
高尿酸血症,195
血糖,196
二型糖尿病,197
低钾血症,204
尿路感染,206
小便次数较多,207
尿急,208
无明显尿痛,209
三多一少,217
妊娠期糖尿病,218
夜间感心慌,222
出汗,223
成人隐匿性自身免疫糖尿病（LADA）,229
库欣综合征,230
向心性肥胖,231
多血质貌,232
满月脸,233
水牛背,234
高血压,235
低血钾,236
皮肤菲薄,237
血皮质醇增多,238
1型糖尿病,239
体型消瘦,240
体重减轻,243
皮肤瘙痒,246
眼花,248
视力下降,253
随机血糖高,254
糖化血红蛋白异常,256
肾性糖尿,257
尿糖阳性,258
肢端肥大症,259
继发性糖尿病,260
嗜络细胞瘤,261
高血糖高渗状态,263
低密度脂蛋白胆固醇,266
Ⅰ型糖尿病,267
药物性高血糖,269
一过性高血糖,270
双眼糖尿病视网膜病变,273
垂体生长激素瘤,274
身高高于正常人,275
口唇肥厚等肢端肥大,276
血糖高于正常,277
肾功能异常,282
尿酸排泄减少,284
2型糖尿病并糖尿病肾病Ⅳ期,285
小便泡沫多,286
每日饮水量约3000ml,291
肢体麻木情况,292
腰痛,293
胰岛细胞受损,295
胰岛储备功能差,296
酮症,298
腹痛,299
意识障碍,300
代谢性酸中毒,302
脱水,303
大汗淋漓,305
心悸,306
乏力,309
出冷汗,310
全身皮肤湿润,311
胃胀,313
呕暗红色胃液,314
头昏,315
无黑便,316
晕厥1次,317
呼之不应,318
纳差,319
双足趾呈紫黑色,320
皮肤破溃,321
可见分泌物,322
周围红肿,323
药物性低血糖,324
消瘦症状,326
酮症酸中毒及高血糖高渗,332
皮肤病变,334
全身皮疹,335
血糖较正常明显升高,337
血糖升高,340
双下肢膝关节以下凹陷性水肿,342
尿量减少,343
尿少,345
胰岛素抵抗,351
深大呼吸,353
可闻及烂苹果味,354
晚餐后血糖高,355
血糖偏高,356
酮症视网膜病变,362
依那普利,368
酸中毒,372
胰岛细胞功能尚可,373
胰岛功能差,374
时有头昏不适,377
肾性高血压,380
胸闷,381
高血糖,382
双眼白内障,384
双眼视物不清,385
晶状体黄白色混浊,386
糖尿病性视网膜病变,387
眼前闪光感,388
黑影飘动,389
视力减退,390
视物变形,391
双眼糖尿病性视神经视网膜病变（Ⅲ期）,392
成人隐匿性自身免疫糖尿病,395
血液浓缩,397
尿酸高,398
全身皮肤感觉异常,401
肢端感觉异常,408
手脚麻木感,410
嗜咯细胞瘤,411
糖尿病大血管病变,414
尿频,415
手足麻木,416
双眼视网膜黄斑变性,417
右侧肢体麻木,421
糖尿病并发症,423
上呼吸道感染,436
Ⅰ型糖尿病酮症酸中毒,444
神志模糊,445
烦躁不安,446
口出酸味,447
低血糖昏迷,452
2型糖尿病并药物性低血糖,460
合并急性并发症低血糖,461
无恶心,462
无呕吐,463
无意识障碍,464
2型糖尿病并肾病,466
饥饿性酮症,468
类固醇性糖尿病,470
高血脂,472
糖尿病合并高血压,473
反复双下肢浮肿,477
肾性贫血,479
糖尿量减低,484
2型糖尿病并肾病并肾性高血压,498
眼底出血,516
左眼眼花,517
流泪,518
每日饮水量约2000ml,519
气促,521
腹泻与便秘交替,522
每日饮水量约2600ml,523
小便,524
体重下降约4kg,525
易饥,526
多汗,527
饮水量200ml,528
体重下降约9kg,529
右中上腹隐痛,530
怕热,531
眩晕,533
头晕,534
视物旋转,535
呕吐胃内容物数次,536
眼胀,537
眼球转动性痛,538
异物感,539
分泌物增多,540
头痛,541
双眼玻璃体混浊,542
双眼底视盘边界尚清,543
视网膜见弥漫微血管瘤,544
片状出血,545
渗出,546
视网膜静脉血管扩张,547
黄斑区轻水肿,548
中心凹光反射消失,549
颈部疼痛,551
每天饮水量2000ml左右,556
多食易饥,557
消瘦明显,558
体重下降约10公斤,559
体重下降10+斤,560
近2月体重下降约10公斤,561
自感消瘦,562
反复上腹疼痛,563
高乳酸血症,566
焦虑症,570
性急,571
多虑,572
睡眠差,573
高血压性视网膜病变,576
眼底动脉变细,577
视网膜可见出血,578
黄斑区星芒状渗出,579
肾性糖尿病,581
肾排糖阈下降,582
2型糖尿病并肾病Ⅴ期,583
糖尿病肾病Ⅴ期,590
低血糖症,594
2型糖尿病低血糖症,595
血糖过低,596
无小便泡沫多,600
颜面部稍浮肿,601
双下肢凹陷性水肿,602
肾病Ⅴ期,604
慢性肾衰竭并①急性左心衰②肾性贫血③肾性高血压,606
贫血貌,607
双肺呼吸音粗,608
双肺可闻及湿性啰音,609
无明显诱因出现呼吸困难,612
自行吸氧后呼吸困难无明显缓解,613
肺部可闻及湿罗音,614
继发性甲状旁腺功能亢进症,616
少尿,617
舞蹈症,618
面部及唇部不自主扭动,619
双侧上肢不自主扭动,620
低钾症,621
低钠症,622
低氯血症,623
但无明显尿痛症状,626
血管性痴呆,632
贫血,639
肾功能衰竭,642
糖尿病并酮症,645
糖尿病并视网膜病变,646
乳酸酸中毒,653
2型糖尿病并视网膜病变,654
每天饮水量3000ml,655
体重下降2.5Kg,656
糖耐量异常,657
高血压病,659
脑动脉硬化,662
伴有尿频,663
无尿痛,664
低钾低氯血症,671
头痛不适,672
静脉血糖高,673
病后体重减低,678
视网膜见弥漫微血管瘤及片状出血,679
黄白色渗出,680
黄斑区水肿,681
肾病综合征,684
肾小管重吸收功能低下,685
慢性肾炎,686
先天性肾小管细胞功能缺陷,687
肾小管对葡萄糖的重吸收发生障碍,688
无腰痛,689
无浮肿,690
糖尿病并周围神经病变,691
成人隐匿性自身免疫性糖尿病,693
成人迟发型自身免疫性糖尿病,695
血脂异常,697
心血管事件,702
高血糖症,703
血脂升高,704
糖代谢异常,705
体重增加,706
吸烟,708
血脂代谢异常,709
动脉粥样硬化,710
糖调节受损,712
孕前糖尿病,715
高危足,718
周围血管病变,719
足畸形,720
血管病变,737
肥胖,741
糖尿病周围血管病变,745
结节性硬化,746
下肢水肿,747
肾功呈重度下降,748
肾损伤,749
微炎,750
免疫功能紊乱,751
夏科足,753
脑血管病,758
冠心病,763
糖尿病性视网膜病,766
糖尿病足病,768
足部发凉,769
足部麻木,770
足部疼痛,771
间歇性跛行,772
足部皮肤干燥,778
膝腱反射消失,779
朕胝,780
心血管疾病,797
癌,800
脑卒中,812
剧烈腹痛,813
T2DM,824
胰腺β细胞功能障碍,825
靶器官胰岛素抵抗,826
保护性感觉减弱,846
足部颜色改变,847
足背动脉搏动,848
鸡眼,849
胼胝,850
甲沟炎,851
真菌感染,852
足部外形改变,853
趾甲异常,854
糖尿病心肌病,855
心肌细胞肥大,856
心肌细胞变性,857
心肌细胞增厚,858
间质纤维化,859
心肌僵硬,860
心脏扩大,861
心肌病,867
心脏自主神经病变,868
肾脏疾病,869
脑部疾病,870
腹型肥胖,872
视网膜渗出性病变,873
稳定型心绞痛,874
胃肠道反应,879
体质量下降,881
体质量增加,883
乳酸性酸中毒,886
脂肪肝,890
血栓,899
下肢血管闭塞,900
支端神经损伤,901
下肢组织病变,902
皮肤深溃疡,903
肢端坏疽,904
疲乏无力,907
食欲不振,915
口腔出现金属味,916
消化道出现障碍,917
肝肾功能受到损害,918
糖尿病性腹泻,932
功能性腹泻,934
老年糖尿病周围神经病变,938
脂质代谢紊乱,961
面部潮红,966
持续性白蛋白尿,968
进行性肾功能受损,969
慢性肾衰诸症,972
慢性肾功能衰竭,973
老年2型糖尿病胃轻瘫,975
糖尿病性胃轻瘫,977
上腹胀痛,978
早饱,979
恶心呕吐,980
厌食,981
反酸嗳气,982
糖尿病膀胱,984
慢性尿潴留,986
排尿困难伴有尿不尽感,987
糖尿病性膀胱活动低下,989
膀胱扩大,990
残余尿增多,991
大血管并发症,992
微血管并发症,993
干眼症,994
胃肠胀气,996
足病,999
眼病,1000
模糊不清,1001
失明,1002
脑病,1003
心脏病,1004
皮肤病,1005
性病,1006
糖尿病神经性疼痛,1014
足溃疡,1015
心脏脂质沉积,1024
心脏胰岛素抵抗,1025
糖尿病性周围神经病变,1026
神经痛,1027
触摸痛,1028
针刺样痛,1029
灼烧样痛,1030
角膜溃疡,1031
角膜水肿,1032
真菌性角膜炎,1033
糖尿病性白内障,1034
糖尿病真菌性角膜炎,1035
肠鸣音,1041
肾脏血流高灌注,1043
肾小球基底膜增厚,1044
清蛋白滤过率增加,1045
细胞外基质聚集,1046
肾小球硬化,1047
功能性消化不良,1048
嗳气,1049
上腹胀,1050
上腹痛,1051
2型糖尿病肾病,1053
限制性心肌病,1054
心室舒张功能明显异常,1055
心脑血管血栓栓塞性疾病,1059
血脂紊乱,1060
老年糖尿病便秘,1061
糖尿病便秘,1064
末梢感觉异常,1065
超重/肥胖2型糖尿病,1070
糖脂代谢紊乱,1071
患肢麻木,1073
疼痛,1074
疲乏,1075
神经功能障碍,1076
溃疡,1077
糖尿病性干眼,1089
眼干,1092
视力模糊,1093
干眼,1097
心脏舒缩功能障碍,1105
心肌纤维化,1106
充血性心力衰竭心绞痛,1107
充血性心力衰竭,1108
心绞痛,1109
糖尿病胃轻瘫,1110
腹胀,1111
吞酸,1112
胃痛,1113
上腹部烧灼感,1114
不明原因体重减轻,1123
酸痛,1124
心脑血管疾病,1130
血浆胰高血糖素样肽–1水平降低,1133
注射部位结节,1136
夜间低血糖,1138
超重,1139
心血管并发症,1146
胀气,1147
心肌梗死,1149
2型肥胖型糖尿病,1153
餐后血糖高,1154
餐后血糖升高,1155
餐前血糖高,1156
心力衰竭,1159
心血管,1160
初发2型糖尿病,1162
排气增多,1163
食欲缺乏,1164
微血管病变,1165
糖尿病伴微血管病变,1166
血脂代谢,1170
抗氧化,1171
脂质代谢,1174
高胰岛素血症,1175
糖尿病代谢紊乱,1176
心脏和肝脏不良反应,1177
他汀类药物,1184
中度高血压病,1185
糖尿病急性并发症,1188
胰岛B细胞功能明显减退,1189
糖尿病神经系统病变,1194
糖尿病微血管病变,1195
水肿,1196
骨质疏松,1197
心率失常,1198
心肌梗塞,1199
血糖的显著波动,1200
动脉硬化,1201
变态反应,1203
消化道反应,1204
充血性心衰,1206
大小血管并发症,1207
膀胱癌,1213
肝功能异常,1214
心脑血管病,1217
恶性肿瘤,1218
动脉粥样硬化性心血管疾病,1219
慢性肾脏病,1220
湿热型糖尿病,1223
视野缺损,1224
玻璃体积血,1225
牵拉性视网膜脱离,1226
外阴感染,1227
羊水过多,1228
胎儿过大,1229
不良妊娠结局,1230
早产,1231
胎儿宫内窘迫,1232
妊娠高血压,1233
胎盘早剥,1234
胎膜早破,1235
产程延长,1236
产后出血,1237
新生儿呼吸窘迫综合征,1238
畸形胎儿,1239
胎儿死亡,1240
心脏疾病,1244
血管狭窄,1245
血管硬化,1249
糖耐量减低,1263
空腹血糖受损,1265
尿酸代谢异常,1266
代谢综合征,1267
原发性高血压,1268
糖代谢紊乱,1272
脂代谢异常,1273
脑出血,1274
心血管病,1278
糖尿病前期,1279
高三酰甘油血症,1280
三酰甘油,1281
冠状动脉粥样硬化病变,1283
冠状小动脉基底膜增厚,1284
心肌内可见微血管病变,1285
肿瘤,1300
蛋白尿,1301
肾功能下降,1302
关节炎,1307
癌症,1308
炎性反应,1309
炎细胞浸润,1310
炎症介质水平上升,1311
早期糖尿病肾病,1313
肾小球病变,1317
肾小球系膜增生,1318
基底膜增厚,1319
K-W结节,1320
糖尿病胃肠病变,1324
全身肥胖,1330
焦虑,1350
脑小血管病,1375
认知和情感障碍,1376
总体功能下降,1377
抑郁,1380
妊娠糖尿病,1387
心率显著加快,1388
炎症,1397
肺功能损害,1405
足部溃疡,1406
血糖过高,1407
足部结构畸形,1408
异常步态,1409
皮肤或趾甲畸形,1410
外伤,1411
血糖水平升高,1415
认知功能障碍,1420
胰岛素信号转导通路的受损,1423
突触可塑性损伤,1424
炎症因子水平的异常升高,1425
认知功能下降,1426
血管损伤,1429
餐后高血糖,1436
空腹血糖≥7.0mmol/L,1439
靶组织细胞对胰岛素敏感性降低,1441
气虚,1442
痰湿,1443
不良饮食习惯,1444
F1D,1445
胰岛素缺乏,1446
水电解质酸碱,1447
足部病变,1449
高脂血症,1450
截肢,1451
肘关节恐怖三联征,1452
尺骨冠状突骨折,1453
周围韧带损伤,1458
高脂高糖毒性,1459
无症状舒张功能障碍,1460
合并高血压,1461
舒张功能障碍,1462
心肌细胞外基质增生,1463
蛋白丢失严重,1465
胃肠植物神经紊乱,1466
机体负氮平衡,1467
GDM,1471
妊娠期高血压,1472
内源性胰岛素的降解并失去活性,1475
血管舒缩因子之间的平衡,1476
T2DM心血管,1479
PainfulDPN患者的疼痛症状,1484
右侧中央后回神经元活动异常,1485
老年人生理调节功能减退,1487
无症状低血糖,1488
老年糖尿病患者夜间低血糖,1489
老年糖尿病患者夜间死亡,1490
可疑心脏缺血性改变,1491
血管内皮功能损伤,1492
血糖波动,1493
老年2型糖尿病周围神经病变,1494
颈动脉内膜增厚,1495
大血管病变,1496
心脑血管,1504
胰岛素拮抗激素释放减少,1505
糖异生作用减弱,1506
胰岛素清除延缓,1507
肾小球的肥大,1527
AIDS病人的胰岛素抵抗,1532
急性心肌梗死合并T2DM,1536
合并高脂血症,1537
增加动脉粥样硬化病变,1538
易感基因脂联素基因,1539
移植后糖尿病,1540
脂代谢紊乱,1541
人体脂肪组织堆积,1542
胰岛β细胞功能障碍,1543
胰岛素分泌减少血糖升高,1544
孕前肥胖,1546
白细胞吞噬功能减退,1548
GIDM,1552
非肥胖组下肢血管病变,1554
血管内皮功能紊乱,1555
脂质代谢异常,1556
糖尿病患者新发HUA,1557
过高的甘油三酯,1558
NODM,1559
过量吸烟,1562
妊娠期间合并高危因素,1563
微量蛋白尿,1564
心肌病变,1566
糖尿,1568
骨质形成减弱,1571
SGAs,1572
IFG向糖尿病转化,1575
老年2型糖尿病,1576
抑郁状态,1577
老年高血压,1578
糖脂代谢异常,1579
糖尿病前期对象转归糖尿病,1582
妊娠期糖代谢异常,1584
胎儿畸形,1586
各种母婴并发症,1587
产后糖尿病,1590
产后糖耐量异常,1593
多囊卵巢综合征,1594
胰岛β细胞功能下降,1595
肾移植后并发糖尿病,1598
糖皮质激素累积,1599
肾移植后糖尿病,1600
PTDM,1601
糖尿病合并非创伤性骨折中髋部骨折,1604
气性膀胱炎,1605
血糖水平更高,1606
糖尿病人群新发高血压,1608
结直肠癌,1609
胰腺癌,1610
细胞有氧代谢酶系统障碍,1611
成人脂肪肝供体肝移植,1612
血清TNF-α表达水平增高,1615
血糖水平的升高,1616
肾功能损害,1617
糖尿病人群肾功能不全,1618
IGR人群高血糖,1621
胰岛β细胞的分泌功能,1623
代谢紊乱,1624
活性氧产生过量,1633
葡萄糖氧化,1634
心肌细胞凋亡,1636
心肌的能量供应,1640
肌肉萎缩,1642
抑郁症,1646
皮质醇分泌增加,1647
被动吸烟,1648
化学致癌物诱发的肿瘤,1650
肝源性糖尿病,1654
眼表不适,1655
葡萄糖的异常代谢,1657
直接损伤角膜内皮,1658
血糖水平,1659
糖尿病微血管并发症,1660
脑血管病变,1661
多脏器衰竭,1662
轻度认知功能障碍,1663
糖化血红蛋白与胰岛素抵抗,1664
认知功能损害,1666
蜗底外毛细胞较顶部毛细胞更容易受损,1667
糖尿病高频感音神经性听力损失,1668
消化不良,1669
终末期肾病,1671
反复的应激性高血糖,1672
损害胰腺功能,1673
平衡稳定性下降,1676
跌倒,1677
中老年糖尿病周围神经损害,1678
平衡稳定性障碍,1679
糖尿病步态,1680
慢性持续高血糖,1681
死亡,1682
微量白蛋白尿,1683
妊娠期存在IR,1685
妊狮期糖皮质激素的分泌,1686
血清脂质水平,1705
胰岛细胞功能,1708
自身对食物自制能力,1710
胰岛素分泌缺陷,1718
2型糖尿病胃痉挛,1720
胃肠动力紊乱,1721
氧化应激作用,1723
2型糖尿病多汗症,1725
2型糖尿病肾病Ⅳ期,1727
糖尿病肾病肾小管损伤,1728
血糖浓度过高,1729
营养不良,1735
糖代谢障碍,1737
慢性乙型肝炎,1739
糖尿病患病率,1741
炎症因子,1743
合并脂代谢紊乱,1751
糖尿病人群高血压,1752
足细胞损伤,1755
胃肠功能增加胃动力缩短胃排空时间,1759
糖尿病认知功能障碍,1760
阿尔茨海默综合征,1761
肾脏损害,1764
糖尿病下肢血管病变,1767
神经纤维脱髓鞘病变,1770
神经并发症,1771
老年2型糖尿病多汗症,1772
黄斑水肿,1774
糖尿病性黄斑水肿,1775
神经异常放电,1776
糖尿病发生周围神经病变,1777
神经发生病理性疼痛,1778
焦虑和抑郁,1780
慢性病,1781
心理性胰岛素抵抗程度,1783
胰岛素分泌缺乏,1784
胰岛素产生过多,1785
心肌炎症反应,1790
心肌血管再生,1791
氧化应激反应,1796
糖尿病性心肌舒张功能障碍,1798
大脑血管病,1799
混合性痴呆,1800
妊娠,1805
睡眠质量,1807
高胰岛索血症,1809
非酒精性脂肪性肝病,1826
葡萄糖调节受损,1827
血浆浓度增高,1828
胰岛素分泌不足,1829
并发症的发生,1830
PCI术后运动能力,1832
BMI,1835
睡眠障碍,1836
夜间交感神经系统活性,1837
肾上腺素水平,1838
肾上腺皮质分泌,1839
胰岛素分泌受限,1842
学习和记忆能力,1848
阿尔茨海默病,1849
脑认知功能障碍,1852
糖耐量受损人群,1860
非酒精性脂肪肝,1866
肾衰,1873
先兆子痫,1891
计划外剖宫产,1892
巨大儿,1893
产伤,1894
新生儿低血糖,1895
高血酮,1898
高血酸,1899
糖尿病周围神经病,1914
进行性的感觉功能异常,1915
麻木,1916
尿微量白蛋白升高,1925
泪液分泌量减少,1926
泪膜成分改变,1927
糖尿病下肢缺血病变,1929
下肢缺血性病变,1933
糖尿病神经性膀胱,1935
严重尿潴留,1936
膀胱感觉损伤,1938
膀胱容量增加,1939
逼尿肌收缩减退,1940
残余尿量增加,1941
排尿次数增多,1942
单次尿量增加,1943
排尿次数减少,1944
排尿间隔时间延长,1945
每次尿量增加,1946
下肢动脉病变,1947
胃肠道症状,1949
便秘,1950
3型糖尿病,1957
4型糖尿病,1959
5型糖尿病,1961
6型糖尿病,1963
高尿酸,1984
白内障,1985
中风,1986
慢性肾脏疾病,1987
下肢截肢,1988
气虚证,2004
阴虚证,2005
2型糖尿病大血管病变,2010
糖尿病性勃起功能障碍,2012
微量尿蛋白改变,2017
肾功能改变,2018
拜糖平,2019
尿毒症,2030
致盲,2031
阴阳两虚证,2035
肺胃燥热证,2036
气阴两虚证,2037
阴液亏虚证,2038
糖尿病周围神经炎,2048
超重或肥胖,2049
代谢综合症,2050
肢体末端疼痛,2056
坏疽,2057
自主神经病变,2058
DPN,2062
糖尿病神经病变,2065
高渗性昏迷,2069
微量清蛋白尿,2070
大量清蛋白尿,2071
血肌酐上升,2072
肾衰竭,2073
DM患者合并医院真菌感染,2082
口腔牙周疾病,2088
牙周疾病,2089
瘙痒症,2094
全身瘙痒,2095
女性外阴瘙痒,2096
黑棘皮病,2097
糖尿病硬肿病,2098
项背部皮肤增厚,2099
木质感,2100
身体活动障碍,2108
记忆障碍,2109
疲劳,2110
活动不耐受,2111
行走障碍,2112
营养不平衡,2113
负性情绪,2114
血管内皮损害,2129
胰岛B细胞损伤,2132
胰岛B细胞功能进行性衰退,2133
腰臀比,2144
油腻食物喜好程度,2145
直系亲属糖尿病家族史,2146
末梢神经症状,2147
溃烂,2148
不同程度冷感,2154
皮温改变,2155
狭窄或闭塞,2157
神经紊乱,2164
神经组织病变,2166
心室顺应性下降,2167
心功能降低,2168
精神极度萎靡,2174
饭量有增加,2175
尿量明显增加,2176
口腔气味明显,2177
晚上小便次数比以前增加1-2次,2178
糖尿病假性侏儒症,2179
Mauriac综合征,2180
侏儒,2181
肝大,2182
青春期前起病,2183
常发生糖尿病酮症,2184
生长发育迟缓,2185
性发育延迟,2186
肝脏均匀增大,2187
易诱发低血糖,2188
视网膜微血管出血,2189
视网膜微血管异常,2190
视网膜微血管渗出,2191
视力不断下降,2193
盲眼病,2194
气阴两虚,2196
感觉过敏,2197
温凉觉缺失,2198
针刺痛觉的减退,2199
上肢功能障碍,2200
感觉功能障碍,2201
肌力减退,2202
平衡功能障碍,2203
心理问题,2204
脾肾阳虚,2205
血瘀证,2206
浊毒证,2207
2型糖尿病周围神经病变,2208
脑损伤,2209
致命,2210
脑血管痉挛,2211
癫痫发作,2212
2型糖尿病性骨质疏松,2213
全身性骨显微结构受损,2214
骨密度降低,2215
骨量减少,2216
骨强度减弱,2217
增加患者骨折风险,2218
心理功能,2220
下肢血管病变,2223
下肢动脉粥样硬化病变,2224
糖尿病动脉硬化闭塞症,2228
热毒伤阴,2229
瘀阻脉络,2230
糖尿病干眼症,2231
眼睛发干,2232
眼睛发涩,2233
眼睛发红,2234
静息痛,2235
肢冷,2236
口干咽燥,2237
心烦易怒,2238
舌质红,2239
苔黄或黄腻,2240
脉细数,2241
癫癎,2242
牙周炎,2243
牙齿掉落,2244
糖尿病脑病,2245
学习记忆下降,2246
脑结构生理病理改变,2247
持续高血糖,2248
长期代谢紊乱,2249
电解质紊乱,2250
糖尿病高危足,2258
发凉,2259
刺痛,2260
感觉减退,2261
萎软,2263
冷凉,2264
餐后血糖的异常率较高,2265
胰岛功能的衰退,2269
糖尿病肾脏疾病,2283
糖尿病动脉粥样硬化性心血管疾病,2284
DR,2285
糖尿病肾脏病,2287
糖尿病机型脑梗死,2297
血糖控制不佳,2306
健康内部控制水平越高,2307
糖化血红蛋白值越低,2308
阴离子间隙增加,2310
空腹血浆葡萄糖大于等于7.0mmol/L,2311
服糖后2小时血糖大于等于11.1mmol/L,2312
随机血糖大于等于11.1mmol/L,2313
糖化血红蛋白大于等于6.5%,2314
妊娠合并糖尿病酮症酸中毒,2316
体重增长过快,2327
胎儿发育过大,2328
空腹血糖6.1-7.0mmol/L,2331
心血管疾病早期病变,2333
糖尿病足周围神经病变,2341
糖尿病性骨质疏松,2343
骨痛,2344
2型糖尿病合并骨质疏松,2346
关节疼痛,2347
活动障碍,2348
肠道内菌群失调,2349
脾阳亏损,2357
DM,2365
脂肪含量偏高,2366
体脂率偏高,2367
内脏脂肪指数偏高,2368
神经损伤,2370
不明原因体质量下降,2381
气阴两虚夹瘀证,2383
尿频尿多,2384
多食易饥疲乏无力,2385
气阴两虚夹血瘀,2386
血瘀,2387
烦躁,2388
糖尿病全身微血管病性合并症,2401
糖尿病肾小球硬化症,2402
糖化血红蛋白＞9%,2406
空腹血糖＞11.1mmol/L,2409
胃肠道不良反应,2410
糖化血红蛋白含量仍＞7%,2411
糖尿病伴血管病变,2414
肥胖症,2415
胃炎,2418
慢性肺病,2424
合并冠脉病变的2型糖尿病,2427
胰岛素抵抗较严重,2429
肾功能不良,2430
肾功能受损,2431
急性心力衰竭,2433
大肠癌,2434
部分妇科癌症,2435
肾损害,2436
具有轻中度肾病的糖尿病,2448
肾损伤的糖尿病,2450
体重降低,2451
体重的增加,2452
急性严重地感染,2456
手术,2457
创伤,2458
糖尿病合并肝病,2460
糖尿病肾功能不全,2461
糖耐量低减,2467
胰岛素抗拒导致的2型糖尿病,2469
2型糖尿病且严重肥胖,2473
中度到重度肾功能不全的糖尿病,2478
早期肾功能不全的糖尿病,2480
肠胀气,2482
糖尿病肾病伴高血压,2486
高血压病合并糖尿病,2488
餐后血糖明显升高,2494
糖尿病各期血瘀,2496
糖尿病并发症期的各种血瘀证,2498
糖尿病各期阴虚津亏,2501
形体肥胖,2503
渐见乏力,2505
2型糖尿病合并高血压,2511
肥胖症2型糖尿病,2514
肝功能不全,2517
碘造影剂,2518
充血性心脏衰竭,2519
胃肠道疾病,2520
2型多发性内分泌腺瘤综合征,2521
晚期肾脏疾病,2522
中度肾功能不全,2523
糖尿病酮症酸中毒患者,2527
严重肾损伤,2528
终末期肾脏病,2529
胃轻瘫,2531
2型糖尿病患者,2546
长期血糖水平偏高,2550
肥胖2型糖尿病,2552
饮酒者,2553
胆结石,2554
非糖尿病患者血糖水平＜2.8μmol/L,2555
血糖水平＜3.9mmol/L,2556
饥饿感,2557
认知障碍,2558
神智改变,2559
抽搐,2560
糖尿病慢性并发症,2561
糖尿病加重,2572
高甘油三酯血症,2573
低血糖风险,2574
潜在的心血管风险,2575
继发性失效,2576
阴道真菌感染,2577
精神系统不良反应,2578
低血糖反应,2579
过敏反应,2581
注射部位反应,2582
脂肪代谢障碍,2583
胰岛素分泌作用缺陷,2584
长期高血糖,2585
葡萄糖摄取利用能力,2586
营养物质代谢紊乱,2587
高胰岛素水平,2588
微血管和大血管病变,2589
多个系统的并发症,2590
体重超重,2592
外周胰岛素抵抗,2594
高胆固醇血症,2601
糖代谢的紊乱,2603
肥胖者,2612
酒精滥用,2617
肝病,2618
胆囊炎,2619
低血糖症状较轻,2621
嘌呤代谢紊乱,2623
尿酸含量增高,2624
血管动脉粥样硬化,2634
肌肉关节的损伤,2640
高血糖控制不良,2641
增殖性病变,2643
严重非增殖性视网膜病变,2645
运动诱导的损伤,2646
严重周围神经病变,2648
糖尿病伴高血压,2653
新发大量白蛋白尿,2657
微动脉瘤,2659
远端对称性多发性神经病变,2661
糖尿病痛性神经病变,2666
弥漫性神经病变,2668
单神经病变,2669
神经根神经丛病变,2670
糖尿病自主神经病变,2671
心血管自主神经病变,2672
消化系统自主神经病变,2673
泌尿生殖系统自主神经病变,2674
其他自主神经病变,2675
神经病变,2676
神经病变疼痛,2678
下肢动脉粥样硬化性病变,2679
足部出现感染,2689
组织的破坏,2690
下肢神经病变,2691
周围动脉病变,2692
神经性溃疡,2693
反复受压部位制动减压,2694
炎症的症状,2695
非糖尿病患者血糖<2.8mmol/L,2698
物治疗的糖尿病患者血糖<3.9mmol/L,2699
老年糖尿病,2706
HHS,2707
DKA,2708
2型糖尿病合并阻塞性睡眠呼吸暂停低通气综合征,2709
阻塞性睡眠呼吸暂停低通气综合征,2712
ASCVD,2718
高钾血症,2720
急性肾损伤,2722
缺血性脑卒中,2724
消化道出血,2725
糖尿病肾脏病变,2727
UACR升高,2728
发热,2729
血糖明显升高,2730
血压明显升高,2731
非增殖期DR,2734
非增殖期糖尿病眼底病变,2735
视网膜内出血,2736
增殖期DR,2737
视盘,2738
视网膜,2739
虹膜,2740
房角内新生血管,2741
新生血管性青光眼,2742
白蛋白尿,2743
糖尿病黄斑水肿,2745
血‐视网膜屏障失效,2746
毛细血管渗漏,2747
弥漫性水肿,2748
睡眠质量下降,2749
糖尿病足溃疡,2750
骨折,2751
DSPN,2752
双侧肢体麻木,2753
感觉异常,2754
体位性低血压,2756
神经病理性疼痛,2757
烧灼痛,2758
针刺痛,2759
枪击样（电休克）痛,2760
糖尿病痛性周围神经病变,2761
下肢动脉的狭窄,2762
下肢动脉的闭塞,2763
心律不齐,2765
昏迷不醒,2766
痴呆,2767
糖调节能力减弱,2768
合并多种疾病,2769
多重用药,2770
合并自主神经病变,2771
心慌,2772
手抖,2773
交感兴奋,2774
脑功能受损,2775
噩梦,2776
严重高血糖,2777
血浆渗透压升高,2778
血钾降低,2779
恶性心律失常,2780
并发症,2781
器官系统功能损害,2782
伴发病,2783
心房颤动,2785
主要心血管不良事件,2803
心血管死亡,2804
肌少症,2807
衰弱,2808
全因死亡,2809
周围神经症状,2832
微量元素缺乏,2837
维生素B12缺乏,2847
孕期代谢并发症,2876
神经管缺陷,2878
先天性畸形,2879
不明原因贫血,2901
叶酸缺乏,2902
蛋白质缺乏,2903
锌缺乏,2904
铁缺乏,2905
硒缺乏,2906
铜缺乏,2907
应激性高血糖,2908
不良临床结局,2915
蛋白质能量营养不良,2933
氮质血症,2935
肉碱代谢存在异常,2942
自发性肢体疼痛,2950
神经反射及传导障碍,2951
急性低血糖,2955
水钠潴留,2956
糖尿病合并心力衰竭,2957
肌肉力量下降,2958
肌肉质量差,2959
创伤性骨折,2960
合并高血压的老年糖尿病,2962
症状性餐后低血压,2966
餐后低血压,2967
阻塞性睡眠呼吸暂停综合征,2968
继发性高血压,2969
多器官损害的睡眠呼吸疾病,2970
多种应激激素分泌增加,2971
夜尿增多,2972
痛性神经病变,2973
躯体症状,2974
精神障碍,2975
细菌感染,2978
病毒感染,2979
非典型致病菌感染,2980
2型糖尿病伴酮症酸中毒,2985
肝肾功能不全,2986
交感神经兴奋,2994
中枢神经系统症状,2995
神志改变,2996
高血糖危象,2997
休克,2998
呼吸有酮味,2999
血压低而尿量多,3000
尿蛋白排泄增加,3003
脾胃壅滞证,3007
矢气频频,3008
得嗳气,3009
矢气后腹胀缓解,3010
大便量多,3011
舌质淡红,3012
舌体胖大,3013
苔白厚,3014
脉滑,3015
湿热蕴结证,3016
口中黏腻,3017
口干不欲多饮,3018
心烦口苦,3019
脘腹胀满,3020
身重困倦,3021
便溏不爽,3022
便溏秘结,3023
小便短黄,3024
身热不扬,3025
汗出热不解,3026
皮肤发痒,3027
苔黄腻,3028
苔微黄欠润,3029
脉滑数,3030
脾虚痰湿证,3031
倦怠乏力,3032
纳差便溏,3033
口淡无味,3034
口黏腻,3035
四肢沉重,3036
头重胸闷,3037
动则喘促,3038
腹部增大,3039
舌质淡有齿痕,3040
舌胖大,3041
苔薄白,3042
苔腻,3043
脉沉,3044
脉濡缓,3045
血压升高,3046
肝郁气滞证,3047
情绪抑郁,3048
喜太息,3049
遇事易紧张,3050
胁肋胀满,3051
口干口渴,3052
大便干结,3053
形体中等,3054
形体偏瘦,3055
舌淡红,3056
脉弦,3057
夜间为甚,3058
腰膝酸软,3059
自汗,3060
潮热盗汗,3061
五心烦热,3062
心悸失眠,3063
舌淡,3064
舌红,3065
苔白,3066
脉细,3067
脉无力,3068
糖尿病前期各证,3071
脾虚痰湿者,3077
气阴两虚者,3080
口干多饮,3082
肝郁气滞,3083
热郁于胃,3084
脾胃壅滞,3087
化火伤阴,3088
脾虚痰湿,3091
气郁化火,3093
阳亢风动,3094
湿热蕴结,3097
糖尿病前期脾胃壅滞证,3114
糖尿病前期湿热蕴结证,3116
糖尿病前期脾虚痰湿证,3118
糖尿病前期气阴两虚证,3121
糖尿病前期脾胃壅滞,3129
糖尿病前期肝郁气滞证,3130
患病率,3133
静脉血浆葡萄糖,3135
胰岛β细胞功能单基因缺陷,3137
特殊类型糖尿病,3138
胰岛素作用单基因缺陷,3139
老年人的骨折,3147
乳腺癌,3154
结肠癌,3155
骨质疏松症,3156
糖尿病合并足部溃疡,3163
糖尿病合并肥胖,3166
糖尿病合并妊娠,3167
妊娠诱发的高血压,3168
儿童1型糖尿病,3170
遗尿,3171
食欲降低,3172
儿童2型糖尿病,3173
非酮症性高渗综合征,3174
心脑血管并发症,3175
青光眼,3176
器官组织损害,3177
脏器功能障碍,3178
功能衰竭,3179
视力丧失,3180
肾病变,3181
下肢溃疡,3182
关节病变,3183
性功能障碍,3184
周围血管及心脑血管合并症,3185
脂肪代谢紊乱,3186
蛋白质代谢紊乱,3187
胰岛素作用不足,3188
糖利用障碍,3189
脂肪酸氧化分解增加,3190
肝酮体形成增加,3191
合成甘油三酯增加,3192
肝糖原异生增加,3193
代谢紊乱症候群,3194
功能障碍,3195
物质代谢紊乱,3196
组织糖利用障碍,3197
组织能量供应不足,3198
器官功能不全,3200
肺结核,3201
胰岛素作用缺陷,3202
自身免疫性异常,3203
急性感染,3206
糖耐量受损,3208
肥胖病,3209
腹部肥胖,3211
眼底病变,3216
下肢缺血,3218
心血管病变,3221
心律失常,3228
增殖性视网膜病变,3229
下肢外伤,3230
运动后发生低血糖,3231
儿童发生干眼病,3238
高血脂症,3257
胃肠系统的病变,3265
体重减少,3306
胰岛素供应不足,3307
胰岛素靶细胞异常,3308
心脏病变,3309
脑部病变,3310
眼部病变,3311
１型糖尿病,3312
胰岛素生成明显减少,3313
胰岛素的利用出现障碍,3314
无法代谢糖,3315
２型糖尿病,3316
胰岛素相对不足,3317
渗透性利尿,3326
尿量增加,3327
机体脱水,3328
血渗透压升高,3329
刺激口渴中枢,3330
尿中失去大量葡萄糖,3331
饥饿反应,3332
体内葡萄糖利用障碍,3333
失水,3334
胰岛素不足,3335
葡萄糖未分解充分,3336
脂肪分解加速,3337
蛋白质分解加速,3338
碳水化合物消耗过量,3339
蛋白质消耗过量,3340
脂肪消耗过量,3341
皮肤感染,3342
餐前低血糖,3343
晶状体渗透压的改变,3344
嗜睡,3345
失眠,3346
四肢腰背酸痛,3347
皮肤干燥,3348
月经不调,3349
阳萎,3350
脱水征,3351
胰腺异常,3352
不存在胰岛细胞抗体（ＩＣＡ）,3355
存在ＩＣＡ,3356
皮肤发黑,3358
糖尿病非酮症高渗性昏迷,3359
糖尿病乳酸性酸中毒,3360
虚汗,3361
心跳加快,3362
颤抖,3363
饥饿,3364
双腿无力,3365
全身无力,3366
紧张,3367
恐惧感,3368
脸色苍白,3369
怕冷,3370
头疼,3371
血压轻度升高,3372
视力障碍,3373
复视,3374
听力减退,3375
感觉软弱,3382
肌肉酸痛,3383
呼吸加深加快,3384
呼气中有烂苹果味,3385
反应迟钝,3386
无明显酮症酸中毒,3387
动脉粥样硬化症,3395
下肢发凉,3396
皮肤温度降低,3397
动脉血管搏动减弱,3398
皮肤营养不良,3399
肢体坏疽,3400
糖尿病神经性病变,3401
感觉障碍,3402
肢体疼痛,3403
蚁走感,3404
灼烧感,3405
运动障碍,3406
腱反射减弱,3407
自主神经功能障碍,3408
少汗,3409
趾甲营养障碍,3410
神经性耳聋,3411
眼球活动障碍,3412
食欲减退,3413
尿失禁,3414
心跳过速,3415
下肢过冷,3416
情绪易波动,3417
记忆功能减退,3418
痔疮,3445
憩室病,3446
角膜软化症,3460
夜盲症,3461
骨软化症,3467
腰酸,3497
背痛,3498
浑身无力,3499
小腿抽筋,3500